<?xml version="1.0" encoding="UTF-8"?>
<GenRun Id="impl_1" LaunchPart="xc7a35tcpg236-1" LaunchTime="1752459246">
  <File Type="ROUTE-PWR" Name="top_micro_power_routed.rpt"/>
  <File Type="PA-TCL" Name="top_micro.tcl"/>
  <File Type="BITSTR-MMI" Name="top_micro.mmi"/>
  <File Type="OPT-METHODOLOGY-DRC" Name="top_micro_methodology_drc_opted.rpt"/>
  <File Type="INIT-TIMING" Name="top_micro_timing_summary_init.rpt"/>
  <File Type="ROUTE-PWR-SUM" Name="top_micro_power_summary_routed.pb"/>
  <File Type="REPORTS-TCL" Name="top_micro_reports.tcl"/>
  <File Type="OPT-TIMING" Name="top_micro_timing_summary_opted.rpt"/>
  <File Type="OPT-DCP" Name="top_micro_opt.dcp"/>
  <File Type="OPT-DRC" Name="top_micro_drc_opted.rpt"/>
  <File Type="OPT-HWDEF" Name="top_micro.hwdef"/>
  <File Type="PWROPT-DCP" Name="top_micro_pwropt.dcp"/>
  <File Type="PWROPT-DRC" Name="top_micro_drc_pwropted.rpt"/>
  <File Type="PWROPT-TIMING" Name="top_micro_timing_summary_pwropted.rpt"/>
  <File Type="PLACE-DCP" Name="top_micro_placed.dcp"/>
  <File Type="PLACE-IO" Name="top_micro_io_placed.rpt"/>
  <File Type="PLACE-CLK" Name="top_micro_clock_utilization_placed.rpt"/>
  <File Type="PLACE-UTIL" Name="top_micro_utilization_placed.rpt"/>
  <File Type="PLACE-UTIL-PB" Name="top_micro_utilization_placed.pb"/>
  <File Type="PLACE-CTRL" Name="top_micro_control_sets_placed.rpt"/>
  <File Type="PLACE-SIMILARITY" Name="top_micro_incremental_reuse_placed.rpt"/>
  <File Type="PLACE-PRE-SIMILARITY" Name="top_micro_incremental_reuse_pre_placed.rpt"/>
  <File Type="BG-BIN" Name="top_micro.bin"/>
  <File Type="PLACE-TIMING" Name="top_micro_timing_summary_placed.rpt"/>
  <File Type="POSTPLACE-PWROPT-DCP" Name="top_micro_postplace_pwropt.dcp"/>
  <File Type="BITSTR-MSK" Name="top_micro.msk"/>
  <File Type="POSTPLACE-PWROPT-TIMING" Name="top_micro_timing_summary_postplace_pwropted.rpt"/>
  <File Type="PHYSOPT-DCP" Name="top_micro_physopt.dcp"/>
  <File Type="PHYSOPT-DRC" Name="top_micro_drc_physopted.rpt"/>
  <File Type="BITSTR-RBT" Name="top_micro.rbt"/>
  <File Type="PHYSOPT-TIMING" Name="top_micro_timing_summary_physopted.rpt"/>
  <File Type="ROUTE-ERROR-DCP" Name="top_micro_routed_error.dcp"/>
  <File Type="ROUTE-DCP" Name="top_micro_routed.dcp"/>
  <File Type="ROUTE-BLACKBOX-DCP" Name="top_micro_routed_bb.dcp"/>
  <File Type="ROUTE-DRC" Name="top_micro_drc_routed.rpt"/>
  <File Type="ROUTE-DRC-PB" Name="top_micro_drc_routed.pb"/>
  <File Type="ROUTE-DRC-RPX" Name="top_micro_drc_routed.rpx"/>
  <File Type="ROUTE-METHODOLOGY-DRC" Name="top_micro_methodology_drc_routed.rpt"/>
  <File Type="ROUTE-METHODOLOGY-DRC-RPX" Name="top_micro_methodology_drc_routed.rpx"/>
  <File Type="ROUTE-METHODOLOGY-DRC-PB" Name="top_micro_methodology_drc_routed.pb"/>
  <File Type="ROUTE-PWR-RPX" Name="top_micro_power_routed.rpx"/>
  <File Type="ROUTE-STATUS" Name="top_micro_route_status.rpt"/>
  <File Type="ROUTE-STATUS-PB" Name="top_micro_route_status.pb"/>
  <File Type="ROUTE-TIMINGSUMMARY" Name="top_micro_timing_summary_routed.rpt"/>
  <File Type="ROUTE-TIMING-PB" Name="top_micro_timing_summary_routed.pb"/>
  <File Type="ROUTE-TIMING-RPX" Name="top_micro_timing_summary_routed.rpx"/>
  <File Type="ROUTE-SIMILARITY" Name="top_micro_incremental_reuse_routed.rpt"/>
  <File Type="ROUTE-CLK" Name="top_micro_clock_utilization_routed.rpt"/>
  <File Type="ROUTE-BUS-SKEW" Name="top_micro_bus_skew_routed.rpt"/>
  <File Type="ROUTE-BUS-SKEW-PB" Name="top_micro_bus_skew_routed.pb"/>
  <File Type="ROUTE-BUS-SKEW-RPX" Name="top_micro_bus_skew_routed.rpx"/>
  <File Type="POSTROUTE-PHYSOPT-DCP" Name="top_micro_postroute_physopt.dcp"/>
  <File Type="POSTROUTE-PHYSOPT-BLACKBOX-DCP" Name="top_micro_postroute_physopt_bb.dcp"/>
  <File Type="POSTROUTE-PHYSOPT-TIMING" Name="top_micro_timing_summary_postroute_physopted.rpt"/>
  <File Type="POSTROUTE-PHYSOPT-TIMING-PB" Name="top_micro_timing_summary_postroute_physopted.pb"/>
  <File Type="POSTROUTE-PHYSOPT-TIMING-RPX" Name="top_micro_timing_summary_postroute_physopted.rpx"/>
  <File Type="POSTROUTE-PHYSOPT-BUS-SKEW" Name="top_micro_bus_skew_postroute_physopted.rpt"/>
  <File Type="BG-BIT" Name="top_micro.bit"/>
  <File Type="POSTROUTE-PHYSOPT-BUS-SKEW-PB" Name="top_micro_bus_skew_postroute_physopted.pb"/>
  <File Type="POSTROUTE-PHYSOPT-BUS-SKEW-RPX" Name="top_micro_bus_skew_postroute_physopted.rpx"/>
  <File Type="BITSTR-NKY" Name="top_micro.nky"/>
  <File Type="BITSTR-BMM" Name="top_micro_bd.bmm"/>
  <File Type="PDI-FILE" Name="top_micro.pdi"/>
  <File Type="RCFI_FILE" Name="top_micro.rcfi"/>
  <File Type="CFI_FILE" Name="top_micro.cfi"/>
  <File Type="RNPI_FILE" Name="top_micro.rnpi"/>
  <File Type="NPI_FILE" Name="top_micro.npi"/>
  <File Type="RBD_FILE" Name="top_micro.rbd"/>
  <File Type="BITSTR-LTX" Name="debug_nets.ltx"/>
  <File Type="BITSTR-LTX" Name="top_micro.ltx"/>
  <File Type="BITSTR-SYSDEF" Name="top_micro.sysdef"/>
  <File Type="BG-BGN" Name="top_micro.bgn"/>
  <File Type="BG-DRC" Name="top_micro.drc"/>
  <File Type="RDI-RDI" Name="top_micro.vdi"/>
  <File Type="WBT-USG" Name="usage_statistics_webtalk.html"/>
  <FileSet Name="sources" Type="DesignSrcs" RelSrcDir="$PSRCDIR/sources_1" RelGenDir="$PGENDIR/sources_1">
    <Filter Type="Srcs"/>
    <File Path="$PSRCDIR/sources_1/new/beep_generator.v">
      <FileInfo>
        <Attr Name="UsedIn" Val="synthesis"/>
        <Attr Name="UsedIn" Val="implementation"/>
        <Attr Name="UsedIn" Val="simulation"/>
      </FileInfo>
    </File>
    <File Path="$PSRCDIR/sources_1/new/button_debounce.v">
      <FileInfo>
        <Attr Name="UsedIn" Val="synthesis"/>
        <Attr Name="UsedIn" Val="implementation"/>
        <Attr Name="UsedIn" Val="simulation"/>
      </FileInfo>
    </File>
    <File Path="$PSRCDIR/sources_1/new/buzzer_driver.v">
      <FileInfo>
        <Attr Name="UsedIn" Val="synthesis"/>
        <Attr Name="UsedIn" Val="implementation"/>
        <Attr Name="UsedIn" Val="simulation"/>
      </FileInfo>
    </File>
    <File Path="$PSRCDIR/sources_1/new/done_timer.v">
      <FileInfo>
        <Attr Name="UsedIn" Val="synthesis"/>
        <Attr Name="UsedIn" Val="implementation"/>
        <Attr Name="UsedIn" Val="simulation"/>
      </FileInfo>
    </File>
    <File Path="$PSRCDIR/sources_1/new/fnd_controller.v">
      <FileInfo>
        <Attr Name="UsedIn" Val="synthesis"/>
        <Attr Name="UsedIn" Val="implementation"/>
        <Attr Name="UsedIn" Val="simulation"/>
      </FileInfo>
    </File>
    <File Path="$PSRCDIR/sources_1/new/fsm_micro.v">
      <FileInfo>
        <Attr Name="UsedIn" Val="synthesis"/>
        <Attr Name="UsedIn" Val="implementation"/>
        <Attr Name="UsedIn" Val="simulation"/>
      </FileInfo>
    </File>
    <File Path="$PSRCDIR/sources_1/new/servo_cotroller.v">
      <FileInfo>
        <Attr Name="UsedIn" Val="synthesis"/>
        <Attr Name="UsedIn" Val="implementation"/>
        <Attr Name="UsedIn" Val="simulation"/>
      </FileInfo>
    </File>
    <File Path="$PSRCDIR/sources_1/new/timer_counter.v">
      <FileInfo>
        <Attr Name="UsedIn" Val="synthesis"/>
        <Attr Name="UsedIn" Val="implementation"/>
        <Attr Name="UsedIn" Val="simulation"/>
      </FileInfo>
    </File>
    <File Path="$PSRCDIR/sources_1/new/top_micro.v">
      <FileInfo>
        <Attr Name="UsedIn" Val="synthesis"/>
        <Attr Name="UsedIn" Val="implementation"/>
        <Attr Name="UsedIn" Val="simulation"/>
      </FileInfo>
    </File>
    <File Path="$PSRCDIR/sources_1/imports/new/tick_generator.v">
      <FileInfo>
        <Attr Name="AutoDisabled" Val="1"/>
        <Attr Name="ImportPath" Val="$PPRDIR/../08.vending_mashine/08.vending_mashine.srcs/sources_1/imports/new/tick_generator.v"/>
        <Attr Name="ImportTime" Val="1751686893"/>
        <Attr Name="UsedIn" Val="synthesis"/>
        <Attr Name="UsedIn" Val="implementation"/>
        <Attr Name="UsedIn" Val="simulation"/>
      </FileInfo>
    </File>
    <Config>
      <Option Name="DesignMode" Val="RTL"/>
      <Option Name="TopModule" Val="top_micro"/>
      <Option Name="TopAutoSet" Val="TRUE"/>
    </Config>
  </FileSet>
  <FileSet Name="constrs_in" Type="Constrs" RelSrcDir="$PSRCDIR/constrs_1">
    <Filter Type="Constrs"/>
    <File Path="$PSRCDIR/constrs_1/imports/digilent-xdc-master/Basys3-Master_orginal.xdc">
      <FileInfo>
        <Attr Name="ImportPath" Val="$PPRDIR/../11_my_piezo_buzzer/11_my_piezo_buzzer.srcs/constrs_1/imports/digilent-xdc-master/Basys3-Master_orginal.xdc"/>
        <Attr Name="ImportTime" Val="1752114500"/>
        <Attr Name="UsedIn" Val="synthesis"/>
        <Attr Name="UsedIn" Val="implementation"/>
      </FileInfo>
    </File>
    <Config>
      <Option Name="ConstrsType" Val="XDC"/>
    </Config>
  </FileSet>
  <FileSet Name="utils" Type="Utils" RelSrcDir="$PSRCDIR/utils_1">
    <Filter Type="Utils"/>
    <Config>
      <Option Name="TopAutoSet" Val="TRUE"/>
    </Config>
  </FileSet>
  <Strategy Version="1" Minor="2">
    <StratHandle Name="Vivado Implementation Defaults" Flow="Vivado Implementation 2021"/>
    <Step Id="init_design"/>
    <Step Id="opt_design"/>
    <Step Id="power_opt_design"/>
    <Step Id="place_design"/>
    <Step Id="post_place_power_opt_design"/>
    <Step Id="phys_opt_design"/>
    <Step Id="route_design"/>
    <Step Id="post_route_phys_opt_design"/>
    <Step Id="write_bitstream"/>
  </Strategy>
</GenRun>
